Cory Hightower,NA
Ernest Brown,NA
Igor Rakocevic,NA
Antonis Fotsis,NA
Marko Jaric,NA
Primoz Brezec,NA
DeSagana Diop,NA
Eddy Curry,NA
Tyson Chandler,NA
Kwame Brown,NA
Peter Fehse,NA
Ronald Murray,NA
Mario Kasun,NA
Qyntel Woods,NA
Jared Jeffires,NA
Amare Stoudemire,NA
Nene Hilario,NA
James Lang,NA
Jerome Beasley,NA
Sasha Vujacic,NA
Pavel Podkolzine,NA
Darko Milicic,NA
LeBron James,NA
Sergei Lishouk,NA
Peter Ramos,NA
Beno Udrih,NA
Tiago Splitter,NA
J.R. Smith,NA
Al Jefferson,NA
Shaun Livingston,NA
Dwight Howard,NA
Marcin Gortat,NA
Martynas Andriuskevicius,NA
Monta Ellis,NA
Ersan Ilyasova,NA
Rudy Fer dez,NA
Gerald Green,NA
Martell Webster,NA
Danilo Pinnock,NA
Brad Newley,NA
Saer Sene,NA
Andrea Barg i,NA
Emir Predeldzic,NA
Brad Newley,NA
Renaldas Seibutis,NA
Sun Yue,NA
Petteri Koponen,NA
Nicolas Batum,NA
Omri Casspi,NA
Alexis Ajinca,NA
Yi Jianlian,NA
Mike Conley Jr,NA
Patrick Ewing-Jr,NA
Joe Ingles,NA
Rodrigue Beaubois,NA
Omri Casspi,NA
Keith Gallon,NA
Wesley Johnson,NA
Gregory Smith,NA
Jeremy Tyler,NA
James Fredette,NA
Enes Kanter,NA
Tomas Satoransky,NA
Moe Harkless,NA
Rudy Gobert,NA
Ricky Ledo,NA
CJ McCollum,NA
Norvel Pelle,NA
Otto Porter Jr.,NA
Dennis Schroeder,NA
