Jason Hart,SN
Mike Smith,SN
Ken Johnson,SN
Sam Clancy,SN
Jason Collins,SN
Michael Bradley,SN
Chris Owens,SN
Frank Williams,SN
Fred Jones,SN
Mike Dunleavy,SN
Jay Williams,SN
James Jones,SN
Willie Green,SN
Rashad Wright,SN
Luis Flores,SN
Mike Williams,SN
Antonio Burks,SN
Josh Smith,SN
Devin Harris,SN
Emeka Okafor,SN
Dee Brown,SN
David Lee,SN
Marvin Williams,SN
Gerald Henderson,SN
James Augustine,SN
David Noel,SN
David Noel,SN
Bobby Jones,SN
Marcus Williams,SN
Rudy Gay,SN
Chris Richard,SN
Carl Landry,SN
Jason Smith,SN
Corey Brewer,SN
Mike Taylor,SN
Darnell Jackson,SN
George Hill,SN
Eric Gordon,SN
Kevin Love,SN
A.J. Price,SN
Marcus Thornton,SN
James Johnson,SN
Terrence Williams,SN
Earl Clark,SN
Gerald Henderson,SN
Jordan Hill,SN
James Harden,SN
James Anderson,SN
Daniel Orton,SN
Ed Davis,SN
John Wall,SN
Malcolm Thomas,SN
Jordan Williams,SN
Norris Cole,SN
JaJuan Johnson,SN
Jordan Hamilton,SN
Tristan Thompson,SN
Marcus Morris,SN
Brandon Knight,SN
Derrick Williams,SN
Mike Scott,SN
Jeff Taylor,SN
Jared Cunningham,SN
Terrence Jones,SN
Thomas Robinson,SN
Dion Waiters,SN
Anthony Davis,SN
Reggie Bullock,SN
Ryan Kelly,SN
Ray McCallum,SN
Tony Mitchell,SN
